timestamp,request_type,position,creative_type,kv_value
2022-03-11T17:06:58.421Z, static.video, static_iphone_320x480, video, mFSp75
2022-03-11T17:04:59.107Z, static.video, static_iphone_320x480, static, mFSp20
2022-03-11T16:51:20.411Z, static.video, static_iphone_320x480, video, mVp26
2022-03-11T16:43:33.515Z, static.video, static_iphone_320x480, static, mFSp20
2022-03-11T16:38:12.509Z, static.video, interstitial, video, mVp4
2022-03-11T16:22:28.147Z, static.video, static_iphone_320x480, video, mVp8
2022-03-11T16:20:41.828Z, static.video, static_iphone_320x480, video, mVp4
2022-03-11T16:14:48.020Z, static.video, static_iphone_320x480, video, mFSp79
2022-03-11T16:13:41.182Z, static.video, static_iphone_320x480, video, mVp5
2022-03-11T16:09:56.251Z, static.video, static_iphone_320x480, video, mVp4
2022-03-11T15:46:56.482Z, static.video, static_iphone_320x480, static, mFSp25
2022-03-11T15:45:49.053Z, static.video, static_iphone_320x480, video, mFSp40
2022-03-11T15:43:43.126Z, static.video, static_iphone_320x480, video, mVp4
2022-03-11T15:41:22.239Z, static.video, static_iphone_320x480, video, mVp6
2022-03-11T15:38:30.781Z, static.video, static_iphone_320x480, video, mFSp137
2022-03-11T15:35:26.239Z, static.video, static_iphone_320x480, video, mVp6
2022-03-11T15:09:16.876Z, static.video, static_iphone_320x480, video, mVp4
2022-03-11T15:06:21.997Z, static.video, static_iphone_320x480, static, mFSp24
2022-03-11T15:05:40.285Z, static.video, static_iphone_320x480, static, mFSp39
2022-03-11T15:01:43.249Z, static.video, interstitial, video, mFSp84
2022-03-11T15:01:19.757Z, static.video, static_iphone_320x480, video, mVp4
2022-03-11T14:59:26.953Z, static.video, static_iphone_320x480, video, mVp4
2022-03-11T14:52:18.602Z, static.video, static_iphone_320x480, video, mVp5
2022-03-11T14:50:55.842Z, static.video, static_iphone_320x480, video, mVp8
2022-03-11T14:50:04.175Z, static.video, static_iphone_320x480, static, mFSp20
2022-03-11T14:39:06.075Z, static.video, static_iphone_320x480, static, mFSp20
2022-03-11T14:38:30.591Z, static.video, static_iphone_320x480, video, mFSp39
2022-03-11T14:20:08.139Z, static.video, static_iphone_320x480, video, mVp5
2022-03-11T14:12:32.195Z, static.video, static_iphone_320x480, video, mFSp24
2022-03-11T14:07:04.414Z, static.video, interstitial, video, mVp4
2022-03-11T14:04:47.452Z, static.video, static_iphone_320x480, video, mVp4
2022-03-11T13:59:24.469Z, static.video, interstitial, video, mVp10
2022-03-11T13:58:51.694Z, static.video, static_iphone_320x480, video, mFSp36
2022-03-11T13:56:29.580Z, static.video, interstitial, video, mFSp49
2022-03-11T13:56:01.450Z, static.video, static_iphone_320x480, video, mVp9
2022-03-11T13:37:27.069Z, static.video, static_iphone_320x480, video, mFSp29
2022-03-11T13:35:47.619Z, static.video, static_iphone_320x480, static, mFSp20
2022-03-11T13:32:11.099Z, static.video, static_iphone_320x480, video, mVp4
2022-03-11T13:25:34.592Z, static.video, static_iphone_320x480, video, mFSp24
2022-03-11T13:23:06.797Z, static.video, static_iphone_320x480, video, mFSp79
2022-03-11T13:21:04.833Z, static.video, static_iphone_320x480, video, mVp5
2022-03-11T13:19:23.111Z, static.video, static_iphone_320x480, static, mFSp20
2022-03-11T13:18:38.660Z, static.video, static_iphone_320x480, video, mVp6
2022-03-11T13:12:31.346Z, static.video, static_iphone_320x480, video, mVp4
2022-03-11T13:05:41.644Z, static.video, static_iphone_320x480, video, mFSp21
2022-03-11T13:04:48.979Z, static.video, interstitial, video, mVp6
2022-03-11T13:01:39.911Z, static.video, static_iphone_320x480, video, mVp6
2022-03-11T12:54:16.184Z, static.video, static_iphone_320x480, static, mFSp20
2022-03-11T12:53:37.621Z, static.video, static_iphone_320x480, video, mVp4
2022-03-11T12:50:52.938Z, static.video, static_iphone_320x480, static, mFSp25
2022-03-11T12:45:59.209Z, static.video, static_iphone_320x480, static, mFSp20
2022-03-11T12:45:10.740Z, static.video, static_iphone_320x480, video, mFSp46
2022-03-11T12:33:42.272Z, static.video, static_iphone_320x480, video, mVp7
2022-03-11T12:29:32.280Z, static.video, static_iphone_320x480, static, mFSp25
2022-03-11T12:19:00.298Z, static.video, static_iphone_320x480, video, mVp4
2022-03-11T12:15:05.184Z, static.video, static_iphone_320x480, video, mVp5
2022-03-11T12:10:39.235Z, static.video, static_iphone_320x480, video, mVp4
2022-03-11T11:20:22.668Z, static.video, static_iphone_320x480, video, mVp4
2022-03-11T11:19:08.469Z, static.video, static_iphone_320x480, video, mVp7
2022-03-11T10:53:34.453Z, static.video, static_iphone_320x480, video, mVp4
2022-03-11T10:52:57.898Z, static.video, static_iphone_320x480, video, mFSp137
2022-03-11T10:44:53.810Z, static.video, interstitial, video, mFSp35
2022-03-11T10:32:49.743Z, static.video, interstitial, video, mFSp44
2022-03-11T10:21:41.141Z, static.video, static_iphone_320x480, video, mVp15
2022-03-11T10:05:53.788Z, static.video, interstitial, static, mFSp116
2022-03-11T10:02:36.799Z, static.video, static_iphone_320x480, video, mVp10
2022-03-11T09:50:19.838Z, static.video, static_iphone_320x480, video, mVp5
2022-03-11T08:58:47.173Z, static.video, static_iphone_320x480, video, mFSp20
2022-03-11T08:42:21.380Z, static.video, static_iphone_320x480, video, mVp5
2022-03-11T08:22:12.309Z, static.video, static_iphone_320x480, video, mVp4
2022-03-11T08:16:47.165Z, static.video, static_iphone_320x480, static, mFSp137
2022-03-11T08:12:03.877Z, static.video, static_iphone_320x480, static, mFSp137
2022-03-11T08:03:00.859Z, static.video, static_iphone_320x480, video, mVp9
2022-03-11T07:49:34.318Z, static.video, static_iphone_320x480, video, mVp11
2022-03-11T07:47:07.991Z, static.video, static_iphone_320x480, video, mFSp136
2022-03-11T07:31:37.578Z, static.video, static_iphone_320x480, video, mFSp21
2022-03-11T07:21:31.565Z, static.video, static_iphone_320x480, video, mFSp56
2022-03-11T07:17:10.184Z, static.video, static_iphone_320x480, static, mFSp41
2022-03-11T07:09:09.825Z, static.video, static_iphone_320x480, video, mFSp63
2022-03-11T07:06:05.362Z, static.video, static_iphone_320x480, video, mVp4
2022-03-11T07:01:38.796Z, static.video, static_iphone_320x480, video, mVp7
2022-03-11T06:58:28.758Z, static.video, interstitial, static, mFSp45
2022-03-11T06:55:25.937Z, static.video, static_iphone_320x480, video, mVp22
2022-03-11T06:42:06.631Z, static.video, static_iphone_320x480, video, mVp5
2022-03-11T06:38:49.770Z, static.video, interstitial, static, mFSp37
2022-03-11T06:37:42.182Z, static.video, static_iphone_320x480, video, mVp7
2022-03-11T06:37:01.413Z, static.video, interstitial, static, mFSp61
2022-03-11T06:35:48.514Z, static.video, static_iphone_320x480, static, mFSp27
2022-03-11T06:35:04.447Z, static.video, interstitial, video, mVp8
2022-03-11T06:24:51.560Z, static.video, static_iphone_320x480, video, mVp8
2022-03-11T06:19:46.059Z, static.video, static_iphone_320x480, video, mFSp55
2022-03-11T06:19:20.029Z, static.video, static_iphone_320x480, video, mFSp21
2022-03-11T06:18:16.461Z, static.video, static_iphone_320x480, video, mFSp35
2022-03-11T06:14:39.062Z, static.video, static_iphone_320x480, video, mFSp44
2022-03-11T06:11:06.054Z, static.video, static_iphone_320x480, video, mFSp52
2022-03-11T06:09:49.399Z, static.video, static_iphone_320x480, static, mFSp39
2022-03-11T06:07:34.509Z, static.video, static_iphone_320x480, video, mVp4
2022-03-11T06:03:35.799Z, static.video, static_iphone_320x480, static, mFSp54
2022-03-11T05:56:00.588Z, static.video, interstitial, static, mFSp39
2022-03-11T05:52:38.671Z, static.video, static_iphone_320x480, video, mFSp24
2022-03-11T05:41:48.578Z, static.video, static_iphone_320x480, video, mFSp24
2022-03-11T05:40:52.813Z, static.video, static_iphone_320x480, video, mVp4
2022-03-11T05:36:31.027Z, static.video, static_iphone_320x480, video, mFSp27
2022-03-11T05:34:15.533Z, static.video, static_iphone_320x480, video, mVp4
2022-03-11T05:31:46.568Z, static.video, static_iphone_320x480, video, mVp21
2022-03-11T05:21:57.361Z, static.video, static_iphone_320x480, video, mFSp33
2022-03-11T05:12:05.824Z, static.video, static_iphone_320x480, video, mVp5
2022-03-11T05:08:24.759Z, static.video, static_iphone_320x480, video, mVp7
2022-03-11T05:04:02.890Z, static.video, static_iphone_320x480, video, mVp22
2022-03-11T05:02:25.998Z, static.video, static_iphone_320x480, video, mFSp37
2022-03-11T04:58:32.919Z, static.video, static_iphone_320x480, video, mFSp29
2022-03-11T04:55:33.843Z, static.video, static_iphone_320x480, video, mFSp26
2022-03-11T04:46:52.701Z, static.video, static_iphone_320x480, video, mVp4
2022-03-11T04:45:47.204Z, static.video, static_iphone_320x480, video, mFSp32
2022-03-11T04:41:35.590Z, static.video, static_iphone_320x480, static, mFSp37
2022-03-11T04:41:04.217Z, static.video, static_iphone_320x480, static, mFSp136
2022-03-11T04:36:10.596Z, static.video, static_iphone_320x480, video, mVp5
2022-03-11T04:30:56.091Z, static.video, interstitial, static, mFSp28
2022-03-11T04:24:49.589Z, static.video, static_iphone_320x480, video, mVp5
2022-03-11T04:22:31.106Z, static.video, static_iphone_320x480, video, mFSp29
2022-03-11T04:20:10.608Z, static.video, static_iphone_320x480, video, mVp4
2022-03-11T04:18:56.453Z, static.video, static_iphone_320x480, video, mFSp39
2022-03-11T04:18:42.939Z, static.video, static_iphone_320x480, video, mVp7
2022-03-11T04:14:50.588Z, static.video, static_iphone_320x480, video, mVp4
2022-03-11T04:07:55.016Z, static.video, static_iphone_320x480, video, mVp5
2022-03-11T03:58:45.932Z, static.video, static_iphone_320x480, video, mVp32
2022-03-11T03:56:39.342Z, static.video, static_iphone_320x480, video, mVp4
2022-03-11T03:55:44.954Z, static.video, static_iphone_320x480, video, mVp4
2022-03-11T03:55:35.931Z, static.video, static_iphone_320x480, static, mFSp136
2022-03-11T03:53:36.613Z, static.video, static_iphone_320x480, video, mVp5
2022-03-11T03:47:09.456Z, static.video, static_iphone_320x480, video, mVp36
2022-03-11T03:45:53.496Z, static.video, static_iphone_320x480, video, mFSp136
2022-03-11T03:36:42.958Z, static.video, static_iphone_320x480, video, mVp11
2022-03-11T03:35:17.466Z, static.video, static_iphone_320x480, video, mVp4
2022-03-11T03:32:26.871Z, static.video, static_iphone_320x480, video, mFSp136
2022-03-11T03:24:36.283Z, static.video, static_iphone_320x480, video, mFSp48
2022-03-11T03:21:00.584Z, static.video, static_iphone_320x480, video, mFSp35
2022-03-11T03:20:15.258Z, static.video, static_iphone_320x480, static, mFSp136
2022-03-11T03:19:39.062Z, static.video, interstitial, video, mVp12
2022-03-11T03:17:41.958Z, static.video, static_iphone_320x480, video, mFSp66
2022-03-11T03:07:48.685Z, static.video, static_iphone_320x480, video, mVp4
2022-03-11T03:01:48.305Z, static.video, static_iphone_320x480, static, mFSp28
2022-03-11T03:01:21.767Z, static.video, interstitial, video, mVp28
2022-03-11T02:59:51.130Z, static.video, static_iphone_320x480, video, mVp4
2022-03-11T02:49:20.446Z, static.video, static_iphone_320x480, video, mFSp25
2022-03-11T02:43:55.524Z, static.video, static_iphone_320x480, video, mFSp136
2022-03-11T02:42:15.055Z, static.video, interstitial, static, mFSp22
2022-03-11T02:35:14.985Z, static.video, static_iphone_320x480, video, mVp4
2022-03-11T02:27:42.984Z, static.video, static_iphone_320x480, video, mFSp49
2022-03-11T02:21:01.465Z, static.video, static_iphone_320x480, video, mVp9
2022-03-11T02:19:47.988Z, static.video, static_iphone_320x480, video, mVp6
2022-03-11T02:16:54.080Z, static.video, static_iphone_320x480, video, mVp7
2022-03-11T02:07:53.715Z, static.video, static_iphone_320x480, video, mFSp20
2022-03-11T01:59:34.402Z, static.video, static_iphone_320x480, video, mVp6
2022-03-11T01:57:22.905Z, static.video, static_iphone_320x480, video, mVp22
2022-03-11T01:52:47.156Z, static.video, static_iphone_320x480, static, mFSp136
2022-03-11T01:46:38.776Z, static.video, interstitial, video, mFSp31
2022-03-11T01:45:42.917Z, static.video, static_iphone_320x480, video, mVp25
2022-03-11T01:34:52.832Z, static.video, static_iphone_320x480, video, mVp4
2022-03-11T01:23:18.334Z, static.video, interstitial, video, mVp77
2022-03-11T01:19:31.490Z, static.video, static_iphone_320x480, video, mFSp20
2022-03-11T01:15:20.717Z, static.video, interstitial, video, mVp4
2022-03-11T01:11:21.738Z, static.video, static_iphone_320x480, video, mFSp136
2022-03-11T01:02:49.375Z, static.video, interstitial, video, mVp4
2022-03-11T00:59:50.715Z, static.video, static_iphone_320x480, static, mFSp136
2022-03-11T00:58:19.232Z, static.video, static_iphone_320x480, video, mVp17
2022-03-11T00:56:54.436Z, static.video, static_iphone_320x480, video, mFSp136
2022-03-11T00:55:28.962Z, static.video, static_iphone_320x480, video, mVp4
2022-03-11T00:51:19.377Z, static.video, static_iphone_320x480, video, mFSp136
2022-03-11T00:47:21.620Z, static.video, static_iphone_320x480, video, mFSp107
2022-03-11T00:43:20.303Z, static.video, static_iphone_320x480, video, mVp13
2022-03-11T00:42:48.270Z, static.video, static_iphone_320x480, video, mVp34
2022-03-11T00:37:05.088Z, static.video, static_iphone_320x480, video, mVp4
2022-03-11T00:35:54.071Z, static.video, static_iphone_320x480, video, mVp6
2022-03-11T00:32:59.853Z, static.video, static_iphone_320x480, video, mVp7
2022-03-11T00:17:55.942Z, static.video, static_iphone_320x480, video, mVp9
2022-03-11T00:16:25.013Z, static.video, static_iphone_320x480, video, mFSp20
2022-03-11T00:15:28.749Z, static.video, static_iphone_320x480, video, mVp36
2022-03-11T00:10:25.694Z, static.video, static_iphone_320x480, video, mFSp30
2022-03-11T00:02:13.442Z, static.video, static_iphone_320x480, video, mFSp38
2022-03-10T23:49:26.507Z, static.video, static_iphone_320x480, video, mFSp75
2022-03-10T23:35:15.438Z, static.video, static_iphone_320x480, video, mFSp20
2022-03-10T23:33:26.322Z, static.video, interstitial, video, mVp4
2022-03-10T23:32:29.770Z, static.video, static_iphone_320x480, video, mFSp28
2022-03-10T23:06:58.772Z, static.video, static_iphone_320x480, video, mFSp24
2022-03-10T23:00:27.779Z, static.video, static_iphone_320x480, video, mVp22
2022-03-10T22:57:41.358Z, static.video, static_iphone_320x480, video, mVp4
2022-03-10T22:47:32.073Z, static.video, static_iphone_320x480, video, mFSp27
2022-03-10T22:44:13.591Z, static.video, static_iphone_320x480, video, mFSp24
2022-03-10T22:40:44.498Z, static.video, static_iphone_320x480, video, mVp5
2022-03-10T22:37:37.144Z, static.video, static_iphone_320x480, video, mVp9
2022-03-10T22:19:42.460Z, static.video, interstitial, video, mVp6
2022-03-10T22:16:43.169Z, static.video, interstitial, static, mFSp41
2022-03-10T22:16:40.039Z, static.video, static_iphone_320x480, static, mFSp122
2022-03-10T22:14:24.789Z, static.video, static_iphone_320x480, static, mFSp20
2022-03-10T21:54:46.339Z, static.video, static_iphone_320x480, static, mFSp20
2022-03-10T21:52:33.924Z, static.video, static_iphone_320x480, static, mFSp25
2022-03-10T21:49:35.750Z, static.video, interstitial, video, mFSp48
2022-03-10T21:41:19.283Z, static.video, interstitial, video, mFSp20
2022-03-10T21:38:27.091Z, static.video, static_iphone_320x480, video, mVp5
2022-03-10T21:37:08.283Z, static.video, static_iphone_320x480, video, mFSp22
2022-03-10T21:30:23.132Z, static.video, interstitial, static, mFSp39
2022-03-10T21:24:03.473Z, static.video, static_iphone_320x480, video, mVp5
2022-03-10T21:22:26.860Z, static.video, static_iphone_320x480, video, mVp4
2022-03-10T21:16:00.784Z, static.video, static_iphone_320x480, video, mVp9
2022-03-10T20:56:48.938Z, static.video, static_iphone_320x480, video, mFSp24
2022-03-10T20:49:02.803Z, static.video, static_iphone_320x480, video, mVp32
2022-03-10T20:45:09.417Z, static.video, static_iphone_320x480, video, mVp11
2022-03-10T20:32:11.649Z, static.video, static_iphone_320x480, video, mVp12
2022-03-10T20:26:49.763Z, static.video, interstitial, video, mFSp20
2022-03-10T20:15:42.819Z, static.video, interstitial, video, mVp4
2022-03-10T20:13:04.454Z, static.video, interstitial, video, mFSp24
2022-03-10T20:11:34.801Z, static.video, static_iphone_320x480, video, mFSp23
2022-03-10T19:44:29.742Z, static.video, static_iphone_320x480, video, mFSp27
2022-03-10T19:33:57.914Z, static.video, static_iphone_320x480, static, mFSp33
2022-03-10T19:33:50.084Z, static.video, static_iphone_320x480, video, mFSp24
2022-03-10T19:33:24.596Z, static.video, static_iphone_320x480, video, mVp4
2022-03-10T19:10:18.367Z, static.video, static_iphone_320x480, video, mVp35
2022-03-10T18:58:21.394Z, static.video, interstitial, static, mFSp51
2022-03-10T18:56:09.970Z, static.video, static_iphone_320x480, video, mVp9
2022-03-10T18:51:24.193Z, static.video, static_iphone_320x480, video, mFSp20
2022-03-10T18:39:41.611Z, static.video, static_iphone_320x480, video, mFSp20
2022-03-10T18:37:45.178Z, static.video, static_iphone_320x480, static, mFSp20
2022-03-08T04:56:22.290Z, static.video, static_iphone_320x480, video, mVp15
2022-03-08T04:46:50.644Z, static.video, static_iphone_320x480, video, mVp15
2022-03-08T04:46:49.802Z, static.video, static_iphone_320x480, video, mVp14
2022-03-08T04:40:18.864Z, static.video, static_iphone_320x480, video, mVp7
2022-03-08T04:36:37.249Z, static.video, static_iphone_320x480, static, mFSp122
2022-03-08T04:36:35.324Z, static.video, static_iphone_320x480, video, mFSp36
2022-03-08T04:30:54.051Z, static.video, static_iphone_320x480, video, mVp4
2022-03-08T04:24:00.998Z, static.video, interstitial, static, mFSp36
2022-03-08T04:23:00.455Z, static.video, static_iphone_320x480, static, mFSp59
2022-03-08T04:21:34.439Z, static.video, static_iphone_320x480, static, mFSp23
2022-03-08T04:19:44.631Z, static.video, interstitial, video, mVp4
2022-03-08T04:18:31.292Z, static.video, static_iphone_320x480, video, mVp13
2022-03-08T04:18:00.549Z, static.video, static_iphone_320x480, video, mFSp33
2022-03-08T04:11:33.486Z, static.video, static_iphone_320x480, video, mFSp35
2022-03-08T04:04:07.203Z, static.video, interstitial, static, mFSp43
2022-03-08T04:01:39.075Z, static.video, static_iphone_320x480, video, mVp4
2022-03-08T03:57:29.436Z, static.video, static_iphone_320x480, video, mFSp21
2022-03-08T03:52:21.260Z, static.video, static_iphone_320x480, video, mFSp41
2022-03-08T03:52:20.788Z, static.video, static_iphone_320x480, static, mFSp20
2022-03-08T03:50:47.896Z, static.video, static_iphone_320x480, video, mVp10
2022-03-08T03:50:45.478Z, static.video, static_iphone_320x480, video, mFSp134
2022-03-08T03:44:46.060Z, static.video, static_iphone_320x480, video, mVp26
2022-03-08T03:43:55.819Z, static.video, static_iphone_320x480, video, mVp26
2022-03-08T03:42:21.054Z, static.video, static_iphone_320x480, static, mFSp24
2022-03-08T03:40:55.463Z, static.video, static_iphone_320x480, video, mFSp28
2022-03-08T03:38:53.550Z, static.video, static_iphone_320x480, video, mVp11
2022-03-08T03:38:47.310Z, static.video, static_iphone_320x480, video, mVp8
2022-03-08T03:35:57.636Z, static.video, static_iphone_320x480, video, mVp25
2022-03-08T03:34:20.404Z, static.video, static_iphone_320x480, video, mVp15
2022-03-08T03:31:41.563Z, static.video, static_iphone_320x480, video, mVp5
2022-03-08T03:29:12.102Z, static.video, static_iphone_320x480, video, mVp21
2022-03-08T03:28:54.782Z, static.video, static_iphone_320x480, video, mFSp55
2022-03-08T03:28:31.701Z, static.video, static_iphone_320x480, video, mVp4
2022-03-08T03:22:27.464Z, static.video, static_iphone_320x480, video, mVp4
2022-03-08T03:19:19.000Z, static.video, static_iphone_320x480, video, mVp7
2022-03-08T03:17:39.849Z, static.video, static_iphone_320x480, video, mVp7
2022-03-08T03:17:04.714Z, static.video, static_iphone_320x480, video, mVp4
2022-03-08T03:17:04.657Z, static.video, interstitial, video, mFSp30
2022-03-08T03:14:55.959Z, static.video, interstitial, video, mVp12
2022-03-08T03:09:01.035Z, static.video, interstitial, static, mFSp45
2022-03-08T03:08:24.106Z, static.video, static_iphone_320x480, video, mFSp20
2022-03-08T03:01:41.590Z, static.video, interstitial, video, mVp21
2022-03-08T03:00:57.410Z, static.video, static_iphone_320x480, static, mFSp35
2022-03-08T02:59:23.547Z, static.video, static_iphone_320x480, video, mVp6
2022-03-08T02:53:07.259Z, static.video, static_iphone_320x480, video, mFSp36
2022-03-08T02:53:06.001Z, static.video, static_iphone_320x480, video, mFSp22
2022-03-08T02:45:01.405Z, static.video, static_iphone_320x480, video, mFSp43
2022-03-08T02:33:28.645Z, static.video, static_iphone_320x480, video, mFSp31
2022-03-08T02:27:33.515Z, static.video, static_iphone_320x480, video, mVp5
2022-03-08T02:20:38.794Z, static.video, static_iphone_320x480, video, mFSp122
2022-03-08T02:17:52.618Z, static.video, static_iphone_320x480, video, mVp5
2022-03-08T02:12:55.074Z, static.video, static_iphone_320x480, video, mFSp134
2022-03-08T02:09:13.103Z, static.video, static_iphone_320x480, static, mFSp122
2022-03-08T02:08:52.599Z, static.video, static_iphone_320x480, video, mVp10
2022-03-08T02:05:44.327Z, static.video, static_iphone_320x480, video, mFSp134
2022-03-08T02:00:54.093Z, static.video, static_iphone_320x480, video, mVp13
2022-03-08T01:51:40.134Z, static.video, static_iphone_320x480, video, mFSp34
2022-03-08T01:51:07.103Z, static.video, static_iphone_320x480, video, mFSp29
2022-03-08T01:43:16.666Z, static.video, interstitial, static, mFSp27
2022-03-08T01:43:02.936Z, static.video, static_iphone_320x480, video, mVp7
2022-03-08T01:42:39.875Z, static.video, static_iphone_320x480, video, mVp4
2022-03-08T01:41:04.002Z, static.video, interstitial, video, mVp12
2022-03-08T01:32:51.120Z, static.video, static_iphone_320x480, video, mFSp134
2022-03-08T01:30:31.322Z, static.video, static_iphone_320x480, video, mFSp20
2022-03-08T01:30:28.476Z, static.video, interstitial, static, mFSp25
2022-03-08T01:28:53.337Z, static.video, static_iphone_320x480, video, mVp9
2022-03-08T01:25:58.305Z, static.video, static_iphone_320x480, video, mFSp122
2022-03-08T01:24:37.359Z, static.video, static_iphone_320x480, video, mFSp103
2022-03-08T01:24:23.781Z, static.video, static_iphone_320x480, video, mVp4
2022-03-08T01:15:15.493Z, static.video, static_iphone_320x480, video, mVp12
2022-03-08T01:05:08.707Z, static.video, static_iphone_320x480, video, mFSp20
2022-03-08T01:01:12.793Z, static.video, static_iphone_320x480, video, mVp5
2022-03-08T00:52:37.335Z, static.video, static_iphone_320x480, video, mVp5
2022-03-08T00:50:35.063Z, static.video, interstitial, video, mFSp46
2022-03-08T00:42:55.041Z, static.video, static_iphone_320x480, video, mFSp122
2022-03-08T00:37:24.181Z, static.video, static_iphone_320x480, video, mVp7
2022-03-08T00:36:04.977Z, static.video, static_iphone_320x480, video, mVp22
2022-03-08T00:33:42.164Z, static.video, static_iphone_320x480, video, mVp4
2022-03-08T00:27:06.742Z, static.video, static_iphone_320x480, video, mFSp122
2022-03-08T00:26:28.768Z, static.video, static_iphone_320x480, video, mFSp63
2022-03-08T00:25:12.065Z, static.video, static_iphone_320x480, video, mVp5
2022-03-08T00:23:16.507Z, static.video, static_iphone_320x480, video, mVp7
2022-03-08T00:18:46.861Z, static.video, static_iphone_320x480, video, mFSp134
2022-03-08T00:18:34.908Z, static.video, static_iphone_320x480, video, mVp11
2022-03-08T00:14:23.955Z, static.video, static_iphone_320x480, video, mFSp24
2022-03-08T00:08:19.598Z, static.video, static_iphone_320x480, video, mVp5
2022-03-08T00:07:50.395Z, static.video, static_iphone_320x480, video, mFSp134
2022-03-08T00:04:33.272Z, static.video, static_iphone_320x480, video, mFSp122
2022-03-07T23:57:51.138Z, static.video, static_iphone_320x480, video, mFSp20
2022-03-07T23:57:17.871Z, static.video, static_iphone_320x480, video, mVp5
2022-03-07T23:56:56.026Z, static.video, static_iphone_320x480, static, mFSp23
2022-03-07T23:53:19.416Z, static.video, interstitial, video, mVp12
2022-03-07T23:37:09.427Z, static.video, interstitial, video, mVp34
2022-03-07T23:36:40.764Z, static.video, interstitial, video, mVp4
2022-03-07T23:34:11.034Z, static.video, interstitial, video, mVp4
2022-03-07T23:33:30.939Z, static.video, static_iphone_320x480, video, mVp4
2022-03-07T23:32:23.872Z, static.video, interstitial, static, mFSp20
2022-03-07T23:29:35.597Z, static.video, static_iphone_320x480, video, mVp13
2022-03-07T23:27:43.326Z, static.video, static_iphone_320x480, video, mFSp36
2022-03-07T23:19:09.286Z, static.video, interstitial, video, mVp74
2022-03-07T23:01:57.034Z, static.video, static_iphone_320x480, video, mVp4
2022-03-07T22:47:24.437Z, static.video, static_iphone_320x480, video, mVp4
2022-03-07T22:31:42.978Z, static.video, static_iphone_320x480, video, mFSp23
2022-03-07T22:29:08.455Z, static.video, static_iphone_320x480, video, mFSp21
2022-03-07T22:28:55.149Z, static.video, static_iphone_320x480, video, mFSp50
2022-03-07T22:27:03.009Z, static.video, static_iphone_320x480, video, mVp5
2022-03-07T22:21:17.964Z, static.video, interstitial, video, mVp5
2022-03-07T22:17:37.553Z, static.video, static_iphone_320x480, video, mFSp35
2022-03-07T22:11:14.936Z, static.video, static_iphone_320x480, video, mFSp20
2022-03-07T22:05:11.657Z, static.video, static_iphone_320x480, video, mFSp21
2022-03-07T22:05:07.425Z, static.video, static_iphone_320x480, video, mVp5
2022-03-07T22:04:41.669Z, static.video, static_iphone_320x480, video, mFSp56
2022-03-07T21:57:26.979Z, static.video, interstitial, static, mFSp49
2022-03-07T21:47:44.897Z, static.video, static_iphone_320x480, video, mVp14
2022-03-07T21:36:03.003Z, static.video, static_iphone_320x480, video, mVp4
2022-03-07T21:31:55.116Z, static.video, static_iphone_320x480, video, mVp4
2022-03-07T20:58:51.544Z, static.video, interstitial, video, mVp4
2022-03-07T20:45:26.256Z, static.video, static_iphone_320x480, video, mVp7
2022-03-07T20:36:26.611Z, static.video, static_iphone_320x480, video, mVp4
2022-03-07T20:35:42.354Z, static.video, static_iphone_320x480, video, mVp10
2022-03-07T20:07:12.344Z, static.video, static_iphone_320x480, static, mFSp25
2022-03-07T20:03:06.339Z, static.video, static_iphone_320x480, video, mVp7
2022-03-07T19:49:45.218Z, static.video, static_iphone_320x480, video, mVp27
2022-03-07T19:39:44.506Z, static.video, static_iphone_320x480, video, mVp25
2022-03-07T19:28:14.583Z, static.video, static_iphone_320x480, video, mFSp26
2022-03-07T19:14:55.950Z, static.video, static_iphone_320x480, video, mVp4
2022-03-07T19:13:31.991Z, static.video, static_iphone_320x480, video, mVp5
2022-03-07T19:11:06.814Z, static.video, static_iphone_320x480, video, mVp4
2022-03-07T19:10:22.594Z, static.video, static_iphone_320x480, static, mFSp48
2022-03-07T19:05:27.147Z, static.video, static_iphone_320x480, video, mVp7
2022-03-07T19:05:16.109Z, static.video, static_iphone_320x480, static, mFSp36
2022-03-07T19:00:22.516Z, static.video, static_iphone_320x480, video, mVp5
2022-03-07T18:51:49.045Z, static.video, static_iphone_320x480, video, mVp5
2022-03-07T18:49:15.322Z, static.video, static_iphone_320x480, static, mFSp35
2022-03-07T18:48:29.939Z, static.video, static_iphone_320x480, video, mVp7
2022-03-07T18:44:50.978Z, static.video, static_iphone_320x480, static, mFSp28
2022-03-07T18:44:43.377Z, static.video, static_iphone_320x480, video, mFSp37
2022-03-07T18:40:36.089Z, static.video, static_iphone_320x480, video, mFSp37
2022-03-07T18:38:18.305Z, static.video, interstitial, video, mFSp20
2022-03-07T18:23:14.924Z, static.video, static_iphone_320x480, static, mFSp27
2022-03-07T18:21:25.347Z, static.video, static_iphone_320x480, video, mVp7
2022-03-07T18:19:44.003Z, static.video, static_iphone_320x480, video, mVp7
2022-03-07T18:15:18.679Z, static.video, static_iphone_320x480, video, mFSp27
2022-03-07T18:15:18.520Z, static.video, static_iphone_320x480, video, mFSp35
2022-03-07T18:13:26.619Z, static.video, static_iphone_320x480, static, mFSp31
2022-03-07T18:06:16.617Z, static.video, static_iphone_320x480, static, mFSp21
2022-03-07T18:00:12.789Z, static.video, static_iphone_320x480, static, mFSp45
2022-03-07T17:59:24.988Z, static.video, static_iphone_320x480, video, mFSp31
2022-03-07T17:58:48.171Z, static.video, static_iphone_320x480, video, mFSp55
2022-03-07T17:58:20.326Z, static.video, static_iphone_320x480, video, mVp5
2022-03-07T17:52:19.391Z, static.video, static_iphone_320x480, video, mVp7
2022-03-07T17:51:04.146Z, static.video, static_iphone_320x480, static, mFSp67
2022-03-07T17:30:56.278Z, static.video, interstitial, video, mVp4
2022-03-07T17:30:40.889Z, static.video, static_iphone_320x480, static, mFSp20
2022-03-07T17:30:31.637Z, static.video, static_iphone_320x480, video, mVp4
2022-03-07T17:28:19.056Z, static.video, static_iphone_320x480, video, mVp4
2022-03-07T17:23:49.392Z, static.video, static_iphone_320x480, video, mFSp51
2022-03-07T17:22:33.528Z, static.video, static_iphone_320x480, video, mVp40
2022-03-07T17:20:52.619Z, static.video, static_iphone_320x480, video, mFSp25
2022-03-07T17:16:44.217Z, static.video, static_iphone_320x480, video, mVp4
2022-03-07T17:14:10.850Z, static.video, static_iphone_320x480, video, mVp4
2022-03-07T17:12:50.501Z, static.video, static_iphone_320x480, video, mVp7
2022-03-07T17:11:59.030Z, static.video, static_iphone_320x480, video, mVp7
2022-03-07T17:11:25.316Z, static.video, static_iphone_320x480, video, mFSp55
2022-03-07T17:06:02.933Z, static.video, static_iphone_320x480, video, mVp7
2022-03-07T17:03:15.656Z, static.video, static_iphone_320x480, video, mVp7
2022-03-07T17:01:32.740Z, static.video, static_iphone_320x480, static, mFSp46
2022-03-07T16:58:51.000Z, static.video, static_iphone_320x480, static, mFSp37
2022-03-07T16:57:05.597Z, static.video, static_iphone_320x480, video, mFSp33
2022-03-07T16:56:01.558Z, static.video, interstitial, video, mFSp35
2022-03-07T16:51:01.244Z, static.video, static_iphone_320x480, static, mFSp37
2022-03-07T16:49:53.061Z, static.video, static_iphone_320x480, static, mFSp29
2022-03-07T16:47:53.727Z, static.video, static_iphone_320x480, static, mFSp89
2022-03-07T16:43:25.983Z, static.video, static_iphone_320x480, video, mVp4
2022-03-07T16:42:14.263Z, static.video, static_iphone_320x480, static, mFSp25
2022-03-07T16:39:12.830Z, static.video, static_iphone_320x480, static, mFSp71
2022-03-07T16:29:58.399Z, static.video, static_iphone_320x480, video, mFSp45
2022-03-07T16:28:59.436Z, static.video, static_iphone_320x480, static, mFSp26
2022-03-07T16:27:31.167Z, static.video, static_iphone_320x480, video, mVp4
2022-03-07T16:25:18.020Z, static.video, static_iphone_320x480, video, mFSp28
2022-03-07T16:23:52.461Z, static.video, interstitial, video, mVp57
2022-03-07T16:04:30.270Z, static.video, static_iphone_320x480, video, mVp4
2022-03-07T16:04:15.732Z, static.video, static_iphone_320x480, video, mFSp23
2022-03-07T16:03:01.316Z, static.video, static_iphone_320x480, video, mFSp47
2022-03-07T16:00:34.400Z, static.video, static_iphone_320x480, video, mFSp45
2022-03-07T15:55:38.047Z, static.video, static_iphone_320x480, static, mFSp35
2022-03-07T15:46:21.198Z, static.video, static_iphone_320x480, static, mFSp38
2022-03-07T15:18:28.659Z, static.video, static_iphone_320x480, static, mFSp48
2022-03-07T15:14:28.613Z, static.video, static_iphone_320x480, static, mFSp25
2022-03-07T15:12:52.100Z, static.video, interstitial, video, mVp6
2022-03-07T15:02:38.786Z, static.video, static_iphone_320x480, video, mFSp58
2022-03-07T14:41:10.040Z, static.video, static_iphone_320x480, video, mVp4
2022-03-07T14:39:25.847Z, static.video, static_iphone_320x480, static, mFSp72
2022-03-07T14:37:23.197Z, static.video, static_iphone_320x480, video, mFSp20
2022-03-07T14:36:39.667Z, static.video, static_iphone_320x480, video, mFSp38
2022-03-07T14:29:03.931Z, static.video, static_iphone_320x480, video, mVp4
2022-03-07T14:28:12.655Z, static.video, static_iphone_320x480, video, mFSp30
2022-03-07T14:26:21.571Z, static.video, static_iphone_320x480, video, mFSp47
2022-03-07T14:18:23.777Z, static.video, static_iphone_320x480, static, mFSp122
2022-03-07T14:13:22.257Z, static.video, static_iphone_320x480, video, mVp7
2022-03-07T14:06:06.887Z, static.video, static_iphone_320x480, video, mVp25
2022-03-07T14:05:19.973Z, static.video, static_iphone_320x480, video, mVp7
2022-03-07T13:47:09.040Z, static.video, static_iphone_320x480, video, mFSp70
2022-03-07T13:45:29.556Z, static.video, static_iphone_320x480, static, mFSp37
2022-03-07T13:34:03.086Z, static.video, static_iphone_320x480, video, mVp5
2022-03-07T13:21:09.352Z, static.video, static_iphone_320x480, video, mFSp43
2022-03-07T13:20:55.868Z, static.video, static_iphone_320x480, video, mVp11
2022-03-07T13:19:46.538Z, static.video, static_iphone_320x480, video, mFSp27
2022-03-07T13:19:13.974Z, static.video, static_iphone_320x480, video, mFSp54
2022-03-07T13:18:53.553Z, static.video, static_iphone_320x480, static, mFSp37
2022-03-07T13:12:42.138Z, static.video, static_iphone_320x480, static, mFSp20
2022-03-07T12:57:34.127Z, static.video, static_iphone_320x480, video, mFSp40
2022-03-07T12:40:00.153Z, static.video, static_iphone_320x480, video, mVp4
2022-03-07T12:38:42.793Z, static.video, static_iphone_320x480, video, mFSp49
2022-03-07T12:34:11.219Z, static.video, static_iphone_320x480, video, mFSp30
2022-03-07T12:33:53.035Z, static.video, static_iphone_320x480, video, mFSp28
2022-03-07T12:32:50.478Z, static.video, static_iphone_320x480, video, mFSp36
2022-03-07T12:27:01.443Z, static.video, static_iphone_320x480, static, mFSp20
2022-03-07T12:24:44.546Z, static.video, static_iphone_320x480, static, mFSp32
2022-03-07T12:09:38.296Z, static.video, static_iphone_320x480, video, mVp5
2022-03-07T12:07:08.390Z, static.video, static_iphone_320x480, static, mFSp37
2022-03-07T12:06:47.311Z, static.video, static_iphone_320x480, static, mFSp37
2022-03-07T12:03:27.847Z, static.video, static_iphone_320x480, video, mFSp122
2022-03-07T12:01:55.492Z, static.video, static_iphone_320x480, static, mFSp64
2022-03-07T11:56:13.004Z, static.video, static_iphone_320x480, static, mFSp35
2022-03-07T11:54:50.489Z, static.video, static_iphone_320x480, static, mFSp37
2022-03-07T11:52:47.305Z, static.video, static_iphone_320x480, video, mFSp52
2022-03-07T11:41:11.662Z, static.video, static_iphone_320x480, static, mFSp47
2022-03-07T11:35:51.041Z, static.video, static_iphone_320x480, video, mVp4
2022-03-07T11:24:23.676Z, static.video, static_iphone_320x480, video, mVp4
2022-03-07T11:12:40.295Z, static.video, static_iphone_320x480, video, mFSp49
2022-03-07T11:04:49.482Z, static.video, static_iphone_320x480, video, mVp5
2022-03-07T10:57:46.605Z, static.video, static_iphone_320x480, static, mFSp20
2022-03-07T10:32:35.051Z, static.video, static_iphone_320x480, video, mFSp25
2022-03-07T10:28:23.979Z, static.video, static_iphone_320x480, static, mFSp53
2022-03-07T10:09:12.587Z, static.video, static_iphone_320x480, static, mFSp54
2022-03-07T09:53:59.642Z, static.video, static_iphone_320x480, video, mFSp30
2022-03-07T09:27:32.686Z, static.video, static_iphone_320x480, video, mVp7
2022-03-07T09:25:10.158Z, static.video, static_iphone_320x480, video, mFSp21
2022-03-07T09:17:37.374Z, static.video, static_iphone_320x480, static, mFSp28
2022-03-07T09:14:32.601Z, static.video, static_iphone_320x480, video, mFSp27
2022-03-07T09:09:54.495Z, static.video, static_iphone_320x480, video, mFSp34
2022-03-07T09:03:42.965Z, static.video, static_iphone_320x480, video, mFSp94
2022-03-07T08:56:59.235Z, static.video, static_iphone_320x480, static, mFSp20
2022-03-07T08:52:17.021Z, static.video, static_iphone_320x480, static, mFSp20
2022-03-07T08:50:50.523Z, static.video, static_iphone_320x480, static, mFSp40
2022-03-07T08:48:21.983Z, static.video, static_iphone_320x480, static, mFSp39
2022-03-09T04:55:38.425Z, static.video, static_iphone_320x480, video, mFSp41
2022-03-09T04:53:31.768Z, static.video, static_iphone_320x480, video, mVp4
2022-03-09T04:52:58.247Z, static.video, static_iphone_320x480, video, mVp7
2022-03-09T04:51:59.061Z, static.video, static_iphone_320x480, video, mVp10
2022-03-09T04:51:34.857Z, static.video, static_iphone_320x480, video, mVp9
2022-03-09T04:47:35.929Z, static.video, static_iphone_320x480, video, mVp5
2022-03-09T04:46:02.689Z, static.video, interstitial, static, mFSp25
2022-03-09T04:41:27.981Z, static.video, static_iphone_320x480, video, mVp5
2022-03-09T04:36:09.146Z, static.video, static_iphone_320x480, video, mVp6
2022-03-09T04:34:54.152Z, static.video, static_iphone_320x480, video, mVp9
2022-03-09T04:29:43.279Z, static.video, static_iphone_320x480, video, mFSp24
2022-03-09T04:17:53.868Z, static.video, static_iphone_320x480, static, mFSp35
2022-03-09T04:17:14.198Z, static.video, static_iphone_320x480, video, mFSp25
2022-03-09T04:15:37.641Z, static.video, static_iphone_320x480, video, mVp5
2022-03-09T04:14:56.467Z, static.video, static_iphone_320x480, video, mFSp20
2022-03-09T04:12:27.793Z, static.video, static_iphone_320x480, video, mFSp122
2022-03-09T04:05:25.339Z, static.video, static_iphone_320x480, video, mFSp25
2022-03-09T04:03:08.134Z, static.video, static_iphone_320x480, video, mFSp25
2022-03-09T04:01:16.348Z, static.video, static_iphone_320x480, video, mFSp27
2022-03-09T04:00:43.591Z, static.video, static_iphone_320x480, video, mVp4
2022-03-09T04:00:29.630Z, static.video, static_iphone_320x480, video, mFSp115
2022-03-09T03:57:02.912Z, static.video, static_iphone_320x480, video, mVp10
2022-03-09T03:55:39.377Z, static.video, static_iphone_320x480, static, mFSp43
2022-03-09T03:51:34.172Z, static.video, static_iphone_320x480, video, mVp14
2022-03-09T03:48:58.317Z, static.video, static_iphone_320x480, video, mFSp38
2022-03-09T03:45:37.839Z, static.video, interstitial, video, mFSp23
2022-03-09T03:45:08.357Z, static.video, static_iphone_320x480, video, mFSp37
2022-03-09T03:42:33.210Z, static.video, static_iphone_320x480, video, mVp4
2022-03-09T03:36:19.388Z, static.video, static_iphone_320x480, video, mFSp36
2022-03-09T03:33:58.651Z, static.video, static_iphone_320x480, static, mFSp20
2022-03-09T03:31:08.531Z, static.video, static_iphone_320x480, video, mVp4
2022-03-09T03:30:22.276Z, static.video, static_iphone_320x480, static, mFSp40
2022-03-09T03:30:13.804Z, static.video, static_iphone_320x480, video, mVp4
2022-03-09T03:30:03.719Z, static.video, static_iphone_320x480, static, mFSp30
2022-03-09T03:27:10.462Z, static.video, static_iphone_320x480, video, mFSp41
2022-03-09T03:21:40.998Z, static.video, interstitial, video, mVp5
2022-03-09T03:18:31.796Z, static.video, static_iphone_320x480, static, mFSp24
2022-03-09T03:10:30.986Z, static.video, static_iphone_320x480, static, mFSp20
2022-03-09T02:57:36.680Z, static.video, static_iphone_320x480, static, mFSp20
2022-03-09T02:47:42.172Z, static.video, interstitial, video, mVp7
2022-03-09T02:44:40.145Z, static.video, static_iphone_320x480, video, mVp4
2022-03-09T02:44:26.005Z, static.video, static_iphone_320x480, video, mVp5
2022-03-09T02:44:06.354Z, static.video, interstitial, video, mFSp245
2022-03-09T02:41:59.498Z, static.video, interstitial, static, mFSp22
2022-03-09T02:40:16.180Z, static.video, static_iphone_320x480, video, mFSp122
2022-03-09T02:39:33.518Z, static.video, static_iphone_320x480, video, mFSp72
2022-03-09T02:39:17.912Z, static.video, static_iphone_320x480, static, mFSp23
2022-03-09T02:35:18.507Z, static.video, static_iphone_320x480, static, mFSp36
2022-03-09T02:32:59.851Z, static.video, static_iphone_320x480, video, mFSp35
2022-03-09T02:31:43.870Z, static.video, static_iphone_320x480, video, mVp18
2022-03-09T02:29:05.157Z, static.video, static_iphone_320x480, video, mVp7
2022-03-09T02:25:37.611Z, static.video, static_iphone_320x480, static, mFSp41
2022-03-09T02:21:36.042Z, static.video, static_iphone_320x480, video, mFSp134
2022-03-09T02:21:05.823Z, static.video, static_iphone_320x480, video, mVp4
2022-03-09T02:18:53.810Z, static.video, static_iphone_320x480, static, mFSp153
2022-03-09T02:15:35.021Z, static.video, static_iphone_320x480, video, mVp4
2022-03-09T02:15:11.091Z, static.video, static_iphone_320x480, video, mFSp122
2022-03-09T02:07:06.725Z, static.video, static_iphone_320x480, video, mVp4
2022-03-09T02:05:37.835Z, static.video, static_iphone_320x480, video, mFSp36
2022-03-09T01:59:06.084Z, static.video, static_iphone_320x480, static, mFSp134
2022-03-09T01:59:05.169Z, static.video, static_iphone_320x480, video, mFSp134
2022-03-09T01:56:40.075Z, static.video, static_iphone_320x480, video, mVp37
2022-03-09T01:51:45.541Z, static.video, static_iphone_320x480, static, mFSp20
2022-03-09T01:51:04.334Z, static.video, static_iphone_320x480, video, mFSp49
2022-03-09T01:49:07.947Z, static.video, static_iphone_320x480, video, mFSp20
2022-03-09T01:40:46.961Z, static.video, static_iphone_320x480, video, mFSp134
2022-03-09T01:36:35.297Z, static.video, static_iphone_320x480, static, mFSp35
2022-03-09T01:35:49.471Z, static.video, static_iphone_320x480, video, mVp14
2022-03-09T01:35:18.945Z, static.video, interstitial, video, mFSp82
2022-03-09T01:31:33.499Z, static.video, static_iphone_320x480, video, mVp6
2022-03-09T01:31:31.655Z, static.video, static_iphone_320x480, static, mFSp36
2022-03-09T01:31:18.091Z, static.video, static_iphone_320x480, video, mVp4
2022-03-09T01:31:03.797Z, static.video, interstitial, video, mFSp35
2022-03-09T01:31:03.051Z, static.video, static_iphone_320x480, video, mFSp47
2022-03-09T01:24:54.195Z, static.video, static_iphone_320x480, static, mFSp137
2022-03-09T01:23:55.853Z, static.video, static_iphone_320x480, video, mVp5
2022-03-09T01:21:53.964Z, static.video, static_iphone_320x480, video, mVp9
2022-03-09T01:13:21.574Z, static.video, static_iphone_320x480, video, mVp25
2022-03-09T01:11:29.140Z, static.video, static_iphone_320x480, video, mFSp93
2022-03-09T01:03:50.222Z, static.video, static_iphone_320x480, static, mFSp41
2022-03-09T00:57:09.750Z, static.video, interstitial, video, mVp5
2022-03-09T00:55:04.666Z, static.video, static_iphone_320x480, video, mFSp60
2022-03-09T00:53:13.372Z, static.video, static_iphone_320x480, video, mFSp122
2022-03-09T00:49:40.976Z, static.video, static_iphone_320x480, video, mVp12
2022-03-09T00:44:27.198Z, static.video, static_iphone_320x480, video, mVp4
2022-03-09T00:43:45.285Z, static.video, static_iphone_320x480, video, mVp13
2022-03-09T00:43:03.915Z, static.video, static_iphone_320x480, video, mFSp122
2022-03-09T00:39:19.741Z, static.video, static_iphone_320x480, video, mFSp56
2022-03-09T00:39:07.981Z, static.video, static_iphone_320x480, video, mFSp134
2022-03-09T00:34:08.935Z, static.video, static_iphone_320x480, video, mFSp134
2022-03-09T00:30:01.525Z, static.video, interstitial, video, mVp5
2022-03-09T00:29:33.923Z, static.video, static_iphone_320x480, video, mFSp134
2022-03-09T00:24:27.448Z, static.video, static_iphone_320x480, video, mVp9
2022-03-09T00:24:02.680Z, static.video, static_iphone_320x480, video, mVp4
2022-03-09T00:20:14.462Z, static.video, static_iphone_320x480, video, mVp86
2022-03-09T00:19:52.976Z, static.video, static_iphone_320x480, video, mFSp114
2022-03-09T00:18:03.716Z, static.video, static_iphone_320x480, video, mVp4
2022-03-09T00:13:23.769Z, static.video, static_iphone_320x480, video, mVp5
2022-03-09T00:11:26.699Z, static.video, static_iphone_320x480, video, mFSp36
2022-03-09T00:11:09.938Z, static.video, static_iphone_320x480, static, mFSp20
2022-03-09T00:09:11.993Z, static.video, interstitial, static, mFSp84
2022-03-09T00:07:08.168Z, static.video, static_iphone_320x480, video, mFSp38
2022-03-09T00:00:43.772Z, static.video, static_iphone_320x480, static, mFSp25
2022-03-08T23:58:00.970Z, static.video, static_iphone_320x480, video, mVp7
2022-03-08T23:57:20.234Z, static.video, static_iphone_320x480, static, mFSp28
2022-03-08T23:57:04.086Z, static.video, static_iphone_320x480, video, mFSp20
2022-03-08T23:54:29.270Z, static.video, static_iphone_320x480, video, mVp7
2022-03-08T23:54:13.174Z, static.video, static_iphone_320x480, video, mFSp27
2022-03-08T23:52:01.461Z, static.video, interstitial, video, mFSp31
2022-03-08T23:51:43.089Z, static.video, static_iphone_320x480, video, mVp5
2022-03-08T23:40:35.692Z, static.video, static_iphone_320x480, video, mFSp37
2022-03-08T23:37:19.445Z, static.video, static_iphone_320x480, video, mFSp28
2022-03-08T23:24:27.159Z, static.video, static_iphone_320x480, video, mVp7
2022-03-08T23:22:11.310Z, static.video, static_iphone_320x480, static, mFSp27
2022-03-08T23:12:17.084Z, static.video, static_iphone_320x480, static, mFSp46
2022-03-08T23:10:16.420Z, static.video, interstitial, static, mFSp21
2022-03-08T23:08:39.807Z, static.video, static_iphone_320x480, video, mFSp38
2022-03-08T22:56:01.634Z, static.video, static_iphone_320x480, video, mVp4
2022-03-08T22:48:36.189Z, static.video, static_iphone_320x480, video, mVp5
2022-03-08T22:47:56.755Z, static.video, static_iphone_320x480, video, mVp22
2022-03-08T22:41:58.645Z, static.video, static_iphone_320x480, video, mFSp102
2022-03-08T22:37:00.759Z, static.video, static_iphone_320x480, video, mVp5
2022-03-08T22:34:52.738Z, static.video, static_iphone_320x480, static, mFSp75
2022-03-08T22:34:02.694Z, static.video, interstitial, video, mVp4
2022-03-08T22:32:03.742Z, static.video, static_iphone_320x480, video, mVp4
2022-03-08T22:28:19.258Z, static.video, static_iphone_320x480, video, mVp24
2022-03-08T22:22:27.984Z, static.video, static_iphone_320x480, video, mFSp24
2022-03-08T22:21:39.973Z, static.video, static_iphone_320x480, video, mVp17
2022-03-08T22:14:56.167Z, static.video, static_iphone_320x480, static, mFSp20
2022-03-08T22:04:45.598Z, static.video, static_iphone_320x480, video, mVp4
2022-03-08T22:02:05.360Z, static.video, static_iphone_320x480, video, mVp4
2022-03-08T21:44:50.250Z, static.video, static_iphone_320x480, video, mFSp33
2022-03-08T21:30:16.458Z, static.video, static_iphone_320x480, video, mFSp41
2022-03-08T21:21:38.246Z, static.video, static_iphone_320x480, video, mFSp24
2022-03-08T21:16:23.428Z, static.video, static_iphone_320x480, video, mFSp36
2022-03-08T21:14:48.808Z, static.video, static_iphone_320x480, video, mVp4
2022-03-08T21:09:45.741Z, static.video, static_iphone_320x480, video, mFSp30
2022-03-08T20:55:06.086Z, static.video, static_iphone_320x480, video, mFSp32
2022-03-08T20:53:06.343Z, static.video, static_iphone_320x480, video, mFSp20
2022-03-08T20:52:32.357Z, static.video, static_iphone_320x480, video, mVp4
2022-03-08T20:47:17.821Z, static.video, static_iphone_320x480, video, mVp4
2022-03-08T20:44:27.954Z, static.video, static_iphone_320x480, video, mVp4
2022-03-08T20:44:06.209Z, static.video, static_iphone_320x480, video, mVp6
2022-03-08T20:37:38.635Z, static.video, static_iphone_320x480, video, mVp5
2022-03-08T20:27:20.146Z, static.video, interstitial, video, mFSp21
2022-03-08T20:25:15.778Z, static.video, static_iphone_320x480, static, mFSp20
2022-03-08T20:08:18.145Z, static.video, static_iphone_320x480, video, mFSp45
2022-03-08T20:01:59.679Z, static.video, static_iphone_320x480, video, mFSp34
2022-03-08T20:01:27.594Z, static.video, static_iphone_320x480, video, mVp4
2022-03-08T19:57:46.363Z, static.video, interstitial, video, mVp14
2022-03-08T19:57:24.912Z, static.video, static_iphone_320x480, video, mVp30
2022-03-08T19:52:02.615Z, static.video, interstitial, video, mVp14
2022-03-08T19:39:20.759Z, static.video, static_iphone_320x480, video, mVp5
2022-03-08T19:37:25.993Z, static.video, static_iphone_320x480, static, mFSp21
2022-03-08T19:30:19.409Z, static.video, static_iphone_320x480, video, mVp22
2022-03-08T19:23:54.778Z, static.video, static_iphone_320x480, video, mFSp31
2022-03-08T19:21:14.099Z, static.video, static_iphone_320x480, video, mVp4
2022-03-08T19:17:42.652Z, static.video, static_iphone_320x480, static, mFSp20
2022-03-08T19:14:16.359Z, static.video, static_iphone_320x480, video, mVp5
2022-03-08T19:05:32.455Z, static.video, static_iphone_320x480, static, mFSp25
2022-03-08T18:48:27.239Z, static.video, static_iphone_320x480, video, mVp4
2022-03-08T18:44:19.442Z, static.video, static_iphone_320x480, static, mFSp20
2022-03-08T18:44:14.751Z, static.video, static_iphone_320x480, video, mVp7
2022-03-08T18:44:14.077Z, static.video, interstitial, static, mFSp20
2022-03-08T18:37:56.658Z, static.video, interstitial, static, mFSp23
2022-03-08T18:33:31.507Z, static.video, static_iphone_320x480, video, mVp4
2022-03-08T18:32:19.738Z, static.video, static_iphone_320x480, static, mFSp32
2022-03-08T18:31:16.378Z, static.video, static_iphone_320x480, video, mFSp36
2022-03-08T18:26:46.517Z, static.video, interstitial, video, mFSp23
2022-03-08T18:22:04.152Z, static.video, interstitial, static, mFSp23
2022-03-08T18:20:09.450Z, static.video, static_iphone_320x480, video, mVp26
2022-03-08T18:19:21.423Z, static.video, interstitial, video, mFSp31
2022-03-08T18:19:15.994Z, static.video, static_iphone_320x480, video, mFSp33
2022-03-08T18:12:35.281Z, static.video, interstitial, video, mVp7
2022-03-08T18:09:38.191Z, static.video, static_iphone_320x480, video, mFSp112
2022-03-08T17:39:40.139Z, static.video, static_iphone_320x480, video, mFSp35
2022-03-08T17:22:52.309Z, static.video, static_iphone_320x480, static, mFSp20
2022-03-08T17:19:19.785Z, static.video, static_iphone_320x480, video, mFSp21
2022-03-08T17:19:00.068Z, static.video, static_iphone_320x480, video, mVp7
2022-03-08T17:14:18.717Z, static.video, static_iphone_320x480, video, mVp27
2022-03-08T17:05:15.117Z, static.video, static_iphone_320x480, static, mFSp20
2022-03-08T16:52:08.787Z, static.video, static_iphone_320x480, video, mVp9
2022-03-08T16:51:26.729Z, static.video, static_iphone_320x480, video, mFSp84
2022-03-08T16:46:07.555Z, static.video, static_iphone_320x480, video, mVp4
2022-03-08T16:45:29.060Z, static.video, static_iphone_320x480, video, mVp4
2022-03-08T16:41:16.892Z, static.video, static_iphone_320x480, static, mFSp26
2022-03-08T16:39:56.447Z, static.video, static_iphone_320x480, video, mVp5
2022-03-08T16:37:14.575Z, static.video, static_iphone_320x480, video, mFSp32
2022-03-08T16:35:09.811Z, static.video, static_iphone_320x480, video, mVp7
2022-03-08T16:35:06.826Z, static.video, static_iphone_320x480, video, mVp4
2022-03-08T16:30:53.917Z, static.video, static_iphone_320x480, video, mFSp25
2022-03-08T16:23:39.845Z, static.video, static_iphone_320x480, video, mVp7
2022-03-08T16:23:36.047Z, static.video, interstitial, static, mFSp24
2022-03-08T16:16:10.181Z, static.video, static_iphone_320x480, video, mFSp57
2022-03-08T16:08:55.236Z, static.video, static_iphone_320x480, video, mVp5
2022-03-08T16:03:40.426Z, static.video, static_iphone_320x480, video, mVp22
2022-03-08T15:59:57.838Z, static.video, static_iphone_320x480, static, mFSp20
2022-03-08T15:57:54.101Z, static.video, interstitial, video, mVp105
2022-03-08T15:56:42.251Z, static.video, static_iphone_320x480, video, mVp38
2022-03-08T15:52:58.682Z, static.video, static_iphone_320x480, video, mFSp20
2022-03-08T15:43:48.312Z, static.video, static_iphone_320x480, static, mFSp55
2022-03-08T15:36:24.337Z, static.video, static_iphone_320x480, video, mVp4
2022-03-08T15:33:25.741Z, static.video, static_iphone_320x480, video, mVp6
2022-03-08T15:32:48.590Z, static.video, static_iphone_320x480, video, mVp4
2022-03-08T15:32:35.462Z, static.video, static_iphone_320x480, video, mVp5
2022-03-08T15:29:47.442Z, static.video, static_iphone_320x480, video, mVp25
2022-03-08T15:29:35.441Z, static.video, static_iphone_320x480, video, mFSp24
2022-03-08T15:26:52.134Z, static.video, static_iphone_320x480, video, mVp4
2022-03-08T15:10:37.647Z, static.video, static_iphone_320x480, video, mVp55
2022-03-08T15:06:47.375Z, static.video, static_iphone_320x480, video, mVp4
2022-03-08T14:46:49.727Z, static.video, static_iphone_320x480, video, mFSp36
2022-03-08T14:44:36.026Z, static.video, static_iphone_320x480, video, mFSp55
2022-03-08T14:44:17.042Z, static.video, static_iphone_320x480, video, mVp7
2022-03-08T14:41:59.910Z, static.video, static_iphone_320x480, video, mVp9
2022-03-08T14:41:22.050Z, static.video, static_iphone_320x480, video, mFSp21
2022-03-08T14:41:18.194Z, static.video, static_iphone_320x480, static, mFSp20
2022-03-08T14:39:45.553Z, static.video, static_iphone_320x480, video, mFSp35
2022-03-08T14:32:26.849Z, static.video, static_iphone_320x480, video, mVp7
2022-03-08T14:30:16.999Z, static.video, static_iphone_320x480, video, mVp7
2022-03-08T14:15:59.824Z, static.video, static_iphone_320x480, video, mVp7
2022-03-08T13:55:44.434Z, static.video, static_iphone_320x480, video, mFSp57
2022-03-08T13:50:32.941Z, static.video, static_iphone_320x480, video, mVp22
2022-03-08T13:25:50.807Z, static.video, static_iphone_320x480, video, mFSp56
2022-03-08T13:16:54.057Z, static.video, static_iphone_320x480, video, mVp11
2022-03-08T13:12:51.438Z, static.video, static_iphone_320x480, video, mFSp47
2022-03-08T13:08:55.953Z, static.video, static_iphone_320x480, video, mFSp21
2022-03-08T13:03:54.593Z, static.video, static_iphone_320x480, video, mFSp35
2022-03-08T12:57:33.300Z, static.video, interstitial, static, mFSp41
2022-03-08T12:56:27.175Z, static.video, static_iphone_320x480, video, mVp27
2022-03-08T12:53:18.387Z, static.video, static_iphone_320x480, video, mVp21
2022-03-08T12:42:58.307Z, static.video, static_iphone_320x480, static, mFSp21
2022-03-08T12:38:57.530Z, static.video, static_iphone_320x480, video, mVp6
2022-03-08T12:24:34.013Z, static.video, static_iphone_320x480, video, mVp7
2022-03-08T12:23:14.147Z, static.video, static_iphone_320x480, video, mVp4
2022-03-08T12:07:30.785Z, static.video, static_iphone_320x480, video, mFSp37
2022-03-08T12:04:35.528Z, static.video, static_iphone_320x480, video, mFSp58
2022-03-08T11:55:07.846Z, static.video, static_iphone_320x480, video, mVp5
2022-03-08T11:42:43.332Z, static.video, static_iphone_320x480, video, mVp5
2022-03-08T11:37:20.177Z, static.video, static_iphone_320x480, static, mFSp44
2022-03-08T11:06:06.737Z, static.video, static_iphone_320x480, video, mVp9
2022-03-08T10:53:47.240Z, static.video, static_iphone_320x480, video, mVp12
2022-03-08T10:32:43.543Z, static.video, static_iphone_320x480, video, mVp9
2022-03-08T09:52:31.099Z, static.video, static_iphone_320x480, static, mFSp20
2022-03-08T09:46:41.917Z, static.video, static_iphone_320x480, static, mFSp37
2022-03-08T09:35:37.349Z, static.video, static_iphone_320x480, static, mFSp25
2022-03-08T09:28:41.914Z, static.video, static_iphone_320x480, video, mFSp39
2022-03-08T09:25:02.093Z, static.video, static_iphone_320x480, video, mVp6
2022-03-08T09:23:33.170Z, static.video, static_iphone_320x480, video, mFSp24
2022-03-08T09:15:30.363Z, static.video, static_iphone_320x480, video, mVp9
2022-03-08T09:03:11.459Z, static.video, static_iphone_320x480, video, mVp7
2022-03-08T08:58:28.363Z, static.video, static_iphone_320x480, video, mFSp88
2022-03-08T08:54:22.603Z, static.video, static_iphone_320x480, static, mFSp21
2022-03-08T08:51:22.126Z, static.video, static_iphone_320x480, video, mFSp48
2022-03-08T08:49:27.924Z, static.video, static_iphone_320x480, video, mFSp122
2022-03-08T08:44:12.946Z, static.video, interstitial, video, mVp7
2022-03-08T08:25:55.145Z, static.video, static_iphone_320x480, video, mVp7
2022-03-08T07:47:31.937Z, static.video, static_iphone_320x480, video, mFSp47
2022-03-08T07:42:53.811Z, static.video, static_iphone_320x480, video, mFSp30
2022-03-08T07:40:09.203Z, static.video, interstitial, video, mVp8
2022-03-08T07:31:08.945Z, static.video, static_iphone_320x480, video, mVp7
2022-03-08T07:19:00.691Z, static.video, interstitial, video, mFSp53
2022-03-08T07:10:47.890Z, static.video, static_iphone_320x480, static, mFSp40
2022-03-08T07:10:11.442Z, static.video, static_iphone_320x480, video, mVp8
2022-03-08T07:09:33.158Z, static.video, interstitial, static, mFSp72
2022-03-08T07:06:21.815Z, static.video, interstitial, static, mFSp45
2022-03-08T07:04:05.608Z, static.video, static_iphone_320x480, static, mFSp35
2022-03-08T07:03:11.887Z, static.video, static_iphone_320x480, video, mFSp36
2022-03-08T06:58:23.828Z, static.video, static_iphone_320x480, video, mFSp20
2022-03-08T06:52:49.746Z, static.video, interstitial, video, mVp6
2022-03-08T06:33:39.433Z, static.video, static_iphone_320x480, static, mFSp28
2022-03-08T06:20:45.385Z, static.video, static_iphone_320x480, video, mFSp37
2022-03-08T06:15:57.465Z, static.video, static_iphone_320x480, video, mFSp45
2022-03-08T06:14:40.481Z, static.video, static_iphone_320x480, video, mFSp64
2022-03-08T06:13:04.032Z, static.video, static_iphone_320x480, video, mVp32